"","node","degree","output"
"1",4194,0,0
"2",4259,1,0.0194106414113496
"3",5179,1,0.0341407527743604
"4",5239,0,0
"5",5377,1,0.0266461441863546
"6",5381,1,0.0315641727279522
"7",6300,0,0
"8",6494,1,0.0381704335841237
"9",7257,1,0.0303083486848096
"10",8713,0,0
"11",11488,0,0
"12",11588,0,0
"13",11828,1,0.0202854627751008
