"","node","degree","output"
"1",4194,2,0.0582103169143068
"2",4259,0,0
"3",5179,0,0
"4",5239,1,0.0381704335841237
"5",5377,0,0
"6",5381,0,0
"7",6300,1,0.0303083486848096
"8",6494,0,0
"9",7257,0,0
"10",8713,1,0.0202854627751008
"11",11488,1,0.0194106414113496
"12",11588,1,0.0341407527743604
"13",11828,0,0
