"","node","degree","output"
"1",4066,0,0
"2",4077,2,7.16893553733826
"3",4170,1,1.61514568328857
"4",8181,2,5.57150721549987
"5",9019,1,2.92770028114319
"6",15333,1,2.16930460929871
"7",18183,1,0.154919341206551
"8",18471,1,2.25973081588745
"9",18490,1,2.78243327140808
"10",18571,1,8.9442720413208
