"","node","closeness","n.closeness"
"1",4086,0.312503271330155,0.156251635665077
"2",8869,0.508254734262514,0.254127367131257
"3",10629,0.55412163194483,0.277060815972415
