"","node","closeness","n.closeness"
"1",4077,0.134409342960161,0.0448031143200537
"2",8181,0.168337921663379,0.0561126405544597
"3",9019,0.169988281481645,0.0566627604938816
"4",18571,0.0985159415469943,0.0328386471823314
