"","node","closeness","n.closeness"
"1",4086,0.0312121766013145,0.00445888237161636
"2",4472,0.0113572078418073,0.00162245826311533
"3",4690,0.0143576009979851,0.00205108585685501
"4",5130,0.0121994688258461,0.00174278126083515
"5",5880,0.0135663263552912,0.00193804662218446
"6",6727,0.0201235435328574,0.00287479193326534
"7",8006,0.0187164102483911,0.0026737728926273
"8",8965,0.0253656614309607,0.00362366591870868
