"","node","closeness","n.closeness"
"1",6813,0.0286263555641944,0.00572527111283888
"2",7598,0.0216132865455776,0.00432265730911551
"3",9591,0.0218023585976915,0.00436047171953829
"4",12252,0.0355722684333004,0.00711445368666008
"5",12866,0.0196339307584699,0.00392678615169397
"6",14917,0.0201294866940918,0.00402589733881836
