"","node","closeness","n.closeness"
"1",4336,0.0110534129593952,0.00276335323984879
"2",5252,0.00838925078429108,0.00209731269607277
"3",7352,0.00903495252541974,0.00225873813135493
"4",7539,0.00508241891443387,0.00127060472860847
"5",15222,0.0064134387965755,0.00160335969914387
