"","node","degree","output"
"1",4066,1,4.4721360206604
"2",4077,2,5.11859059333801
"3",4170,1,2.16930460929871
"4",8181,2,11.7267053127289
"5",9019,1,3.38061690330505
"6",15333,1,2.25973081588745
"7",18183,0,0
"8",18471,1,0.154919341206551
"9",18490,1,1.61514568328857
"10",18571,1,2.69679951667786
