"","node","closeness","n.closeness"
"1",4124,0.00380651956153519,0.000634419926922531
"2",4544,0.00202429392377767,0.000337382320629611
"3",6660,0.00204637136471967,0.000341061894119946
"4",7359,0.00687608842859538,0.00114601473809923
"5",8424,0.00273835473087429,0.000456392455145715
"6",9253,0.00552056794186959,0.000920094656978266
"7",13024,0.00222959021777616,0.000371598369629361
